IP component,BRCA V(G)/Vp,BRCA Pval,BRCA fdr,BRCA n,BRCA nonhla V(G)/Vp,BRCA nonhla Pval,BRCA nonhla fdr,BRCA hla V(G)/Vp,BRCA hla Pval,BRCA hla fdr
HLA.DRB5,0.999999,2.20E-07,0.000161524,790,0.500372,0.1225201,0.285059328,0.449856,1.00E-07,5.17E-06
HLA.DQA2,0.999999,2.93E-06,0.001074981,790,0.195876,0.3186501,0.390963123,0.363426,1.00E-07,5.17E-06
HLA.DQB1,0.999999,3.99E-05,0.009696674,790,0.220903,0.3084401,0.38740599,0.338108,1.00E-07,5.17E-06
HLA.G,0.999999,5.29E-05,0.009696674,790,0.266094,0.2161201,0.354835483,0.385863,1.00E-07,5.17E-06
ERAP2,0.999999,8.31E-05,0.011689029,790,0.999999,7.51E-05,0.030975858,0.002015,0.4549101,0.5000001
HLA.DRB1,0.999999,9.57E-05,0.011689029,790,0.667582,0.0807651,0.242763662,0.212736,1.00E-07,5.17E-06
KRR1,0.999999,0.00011838,0.012396077,790,0.999999,0.00023955,0.030975858,0.05929,0.0051123,0.147937181
DCTN5,0.999999,0.00027835,0.025503819,790,0.999999,0.00017186,0.030975858,1.00E-06,0.5000001,0.5000001
FN1,0.999999,0.00048373,0.039397121,790,0.999999,0.00026761,0.030975858,1.00E-06,0.5000001,0.5000001
GNPTAB,0.847651,0.0005935,0.04350355,790,0.806194,0.00093394,0.0557452,0.050856,0.0187761,0.266348921
HLA.DQA1,0.999999,0.00080302,0.053510333,790,0.156784,0.3735201,0.414363167,0.238932,1.00E-07,5.17E-06
KIFAP3,0.952905,0.00091959,0.054008568,790,0.925172,0.0011455,0.0557452,0.03438,0.1483701,0.5000001
BTN3A2,0.999999,0.00095786,0.054008568,790,0.104367,0.3775701,0.414363167,0.178142,1.00E-07,5.17E-06
HLA.DQB2,0.999999,0.0011748,0.055543075,790,0.600165,0.0565321,0.225095552,0.176737,1.00E-07,5.17E-06
CX3CL1,0.820206,0.0012124,0.055543075,790,0.819057,0.0012225,0.0557452,0.016277,0.2809901,0.5000001
COL8A1,0.862299,0.001163,0.055543075,790,0.895967,0.00083706,0.0557452,1.00E-06,0.5000001,0.5000001
FCGR3A,0.991829,0.0014129,0.055823737,790,0.999999,0.0011287,0.0557452,1.00E-06,0.5000001,0.5000001
EPHA2,0.934958,0.0013654,0.055823737,790,0.957514,0.0012279,0.0557452,0.00951,0.3588601,0.5000001
IDE,0.999999,0.001447,0.055823737,790,0.999999,0.001441,0.0557452,0.012671,0.2964001,0.5000001
CANX,0.999999,0.0019814,0.070374664,790,0.999999,0.0015525,0.0557452,1.00E-06,0.5000001,0.5000001
ACTR10,0.918257,0.0020969,0.070374664,790,0.937282,0.0019671,0.060088719,0.014204,0.2996301,0.5000001
CLTC,0.999999,0.0021122,0.070374664,790,0.999999,0.0020765,0.060088719,0.010818,0.3040901,0.5000001
CHUK,0.915931,0.0024363,0.077643822,790,0.868071,0.0037831,0.097309739,0.056394,0.0172251,0.26584071
THBS2,0.999999,0.0026652,0.08139965,790,0.999999,0.0015913,0.0557452,1.00E-06,0.5000001,0.5000001
MFSD11,0.838621,0.0030896,0.090587072,790,0.944047,0.0016856,0.0557452,1.00E-06,0.5000001,0.5000001
VTA1,0.970789,0.0035057,0.098833773,790,0.941709,0.0048233,0.101508541,0.04903,0.0365871,0.388857916
NUP93,0.999999,0.0038222,0.103765652,790,0.999999,0.0030272,0.082446682,1.00E-06,0.5000001,0.5000001
ACTR1B,0.843552,0.0041057,0.103775107,790,0.851899,0.0041131,0.100229753,0.010858,0.3027701,0.5000001
TREX1,0.970067,0.0039906,0.103775107,790,0.947276,0.0043609,0.100954835,0.00708,0.3725201,0.5000001
HLA.C,0.999999,0.0042814,0.104608873,790,0.600916,0.0780401,0.242763662,0.13135,1.13E-07,5.23E-06
RELB,0.798676,0.0047203,0.111612255,790,0.760862,0.0069522,0.119328819,0.052442,0.0167251,0.26584071
Macrophages.M2,0.803603,0.0059842,0.132918771,789,0.783447,0.0065966,0.119328819,0.011955,0.3026801,0.5000001
TNFSF4,0.903944,0.0058281,0.132918771,790,0.930832,0.0052952,0.102153233,0.008716,0.3701001,0.5000001
TAPBP,0.856494,0.0061654,0.132918771,790,0.827513,0.0080319,0.12484795,0.033994,0.0803291,0.5000001
FBXO41,0.999999,0.0067655,0.137753097,790,0.999999,0.0051477,0.102153233,1.00E-06,0.5000001,0.5000001
LRRC17,0.999999,0.006639,0.137753097,790,0.999999,0.0069587,0.119328819,0.010851,0.3410101,0.5000001
PNO1,0.962235,0.0082617,0.154305662,790,0.965515,0.0092143,0.130544834,0.013516,0.2374901,0.5000001
IFIH1,0.954295,0.0084205,0.154305662,790,0.866315,0.0140031,0.14407634,0.036081,0.0618911,0.5000001
NCLN,0.714141,0.0082742,0.154305662,790,0.69571,0.0103251,0.132792258,0.03926,0.0578271,0.5000001
PSMD12,0.794015,0.0082881,0.154305662,790,0.89233,0.0048184,0.101508541,1.00E-06,0.5000001,0.5000001
SEC24D,0.612886,0.008675,0.155092073,790,0.591591,0.0108121,0.133138087,0.033586,0.0766491,0.5000001
VCAN,0.811659,0.0103881,0.173056302,790,0.857105,0.0080674,0.12484795,1.00E-06,0.5000001,0.5000001
LNPEP,0.79159,0.0099749,0.173056302,790,0.824704,0.008608,0.128564645,1.00E-06,0.5000001,0.5000001
DYNC1LI2,0.860832,0.0103671,0.173056302,790,0.8367,0.0126541,0.140179864,0.028041,0.1441501,0.5000001
ITGB8,0.909276,0.0112971,0.175845173,790,0.972897,0.0080895,0.12484795,1.00E-06,0.5000001,0.5000001
SEC13,0.913979,0.0114651,0.175845173,790,0.89576,0.0123611,0.140179864,0.00971,0.3525001,0.5000001
SNRPA,0.588492,0.0115151,0.175845173,790,0.586212,0.0120741,0.140179864,0.012812,0.2787601,0.5000001
MRPL37,0.999999,0.0110031,0.175845173,790,0.999999,0.0098684,0.130544834,1.00E-06,0.5000001,0.5000001
MARCKSL1,0.910484,0.0124521,0.178968418,790,0.960006,0.0096263,0.130544834,1.00E-06,0.5000001,0.5000001
STAT1,0.758686,0.0121121,0.178968418,790,0.721646,0.0154271,0.151973347,0.021896,0.1648601,0.5000001
FCGR1A,0.884151,0.0122581,0.178968418,790,0.870808,0.0131511,0.141603705,0.005148,0.3935501,0.5000001
RSAD2,0.83225,0.0128661,0.181362525,790,0.842886,0.0127161,0.140179864,0.00265,0.4389601,0.5000001
NUP107,0.918158,0.0136231,0.188410043,790,0.831927,0.0216961,0.172660547,0.03874,0.0716241,0.5000001
CD44,0.963726,0.0148651,0.201779969,790,0.999999,0.0093574,0.130544834,1.00E-06,0.5000001,0.5000001
CD163,0.584219,0.0167031,0.203703103,790,0.60998,0.0147541,0.148503224,1.00E-06,0.5000001,0.5000001
ADCY7,0.608771,0.0159961,0.203703103,790,0.666153,0.0109271,0.133138087,1.00E-06,0.5000001,0.5000001
JUNB,0.54264,0.0169521,0.203703103,790,0.540275,0.0183161,0.165221987,0.015676,0.2199501,0.5000001
CYBB,0.615303,0.0154781,0.203703103,790,0.615007,0.0159011,0.15337936,0.007666,0.3497501,0.5000001
FCGR1B,0.928739,0.0163541,0.203703103,790,0.898237,0.0187961,0.165221987,0.006961,0.3582801,0.5000001
RAB10,0.875688,0.0159871,0.203703103,790,0.836628,0.0213961,0.172660547,0.028063,0.1053301,0.5000001
RAB6A,0.819728,0.0168061,0.203703103,790,0.735291,0.0286831,0.194480801,0.059657,0.0127411,0.237928292
ALKBH7,0.598956,0.0179961,0.211012084,790,0.555505,0.0249361,0.187112489,0.048246,0.0293661,0.331622056
HACD2,0.774607,0.0181361,0.211012084,790,0.738863,0.0219101,0.172660547,0.021421,0.1979501,0.5000001
COL1A2,0.777847,0.0188891,0.216339223,790,0.835855,0.0135411,0.142489302,1.00E-06,0.5000001,0.5000001
HCK,0.771935,0.0194571,0.21941622,790,0.799079,0.0171391,0.158708066,1.00E-06,0.5000001,0.5000001
KIF2A,0.611483,0.0202001,0.220149004,790,0.58253,0.0250561,0.187112489,0.028683,0.1074601,0.5000001
IKBKG,0.852442,0.0204231,0.220149004,790,0.752056,0.0352051,0.20123409,0.042061,0.0369541,0.388857916
MMP11,0.706236,0.0201571,0.220149004,790,0.74198,0.0165111,0.156013047,1.00E-06,0.5000001,0.5000001
ALOX5AP,0.759927,0.0218451,0.223586379,790,0.678955,0.0338101,0.20123409,0.025061,0.0921431,0.5000001
C11orf24,0.843394,0.0215401,0.223586379,790,0.806553,0.0277641,0.194460691,0.025479,0.1276301,0.5000001
TNF,0.798097,0.0219621,0.223586379,790,0.799861,0.0218841,0.172660547,0.001874,0.4648001,0.5000001
SEC31A,0.785837,0.0218111,0.223586379,790,0.693516,0.0377111,0.204215463,0.061433,0.0105821,0.222705105
PSMD2,0.842228,0.0227821,0.228757251,790,0.86781,0.0189131,0.165221987,1.00E-06,0.5000001,0.5000001
PSMD7,0.822521,0.0245451,0.243129166,790,0.826049,0.0232821,0.179660205,1.00E-06,0.5000001,0.5000001
IFRD2,0.622604,0.0250471,0.244793657,790,0.604735,0.0275981,0.194460691,0.018052,0.2446301,0.5000001
TNFRSF14,0.698767,0.0255961,0.246867649,790,0.663142,0.0320391,0.20123409,0.038055,0.0992521,0.5000001
IFI44,0.808181,0.0264181,0.251486588,790,0.718704,0.0417891,0.211435628,0.022988,0.1129301,0.5000001
FCGR2B,0.559626,0.0268331,0.252162337,790,0.545691,0.0289831,0.194480801,0.009609,0.3286501,0.5000001
VSIG4,0.450527,0.0279751,0.259566434,790,0.461817,0.0267231,0.193324927,0.002199,0.4466901,0.5000001
BSG,0.528498,0.0289741,0.265475191,790,0.573254,0.0220021,0.172660547,1.00E-06,0.5000001,0.5000001
1-Mar,0.593294,0.0310981,0.273619301,790,0.661861,0.0207771,0.172660547,1.00E-06,0.5000001,0.5000001
CCT5,0.817494,0.0306811,0.273619301,790,0.853096,0.0261291,0.192028148,1.00E-06,0.5000001,0.5000001
NUDT1,0.565674,0.0311381,0.273619301,790,0.55004,0.0344681,0.20123409,0.016216,0.2417401,0.5000001
AP1G1,0.72526,0.0313561,0.273619301,790,0.6911,0.0380361,0.204215463,0.023155,0.1654301,0.5000001
CCL21,0.544299,0.0326611,0.276716663,790,0.532115,0.0352051,0.20123409,0.012732,0.2926101,0.5000001
SEC24A,0.545781,0.0332211,0.276716663,790,0.547277,0.0338111,0.20123409,0.009879,0.3440501,0.5000001
MICA,0.660227,0.0330441,0.276716663,790,0.223292,0.2563501,0.373816178,0.136337,1.01E-07,5.17E-06
SKIL,0.615829,0.0325981,0.276716663,790,0.616691,0.0330131,0.20123409,0.016254,0.3099501,0.5000001
BRIP1,0.683767,0.0337791,0.278203149,790,0.68331,0.0345011,0.20123409,0.007193,0.3809101,0.5000001
CD80,0.758653,0.0341861,0.278426792,790,0.812204,0.0281401,0.194460691,1.00E-06,0.5000001,0.5000001
RAC1,0.662527,0.0355031,0.28597552,790,0.671221,0.0378381,0.204215463,0.015573,0.2239501,0.5000001
VEGFB,0.866889,0.0373901,0.28955867,790,0.712663,0.0741911,0.237906208,0.074826,0.0076351,0.186055332
ITGAV,0.553133,0.0371281,0.28955867,790,0.536194,0.0418721,0.211435628,0.025288,0.1783201,0.5000001
USPL1,0.696156,0.0376541,0.28955867,790,0.679611,0.0447081,0.211435628,0.021376,0.1424401,0.5000001
DYNLL2,0.615274,0.0379231,0.28955867,790,0.564958,0.0465061,0.211435628,0.011133,0.2750401,0.5000001
FCGR2A,0.599621,0.0375631,0.28955867,790,0.633103,0.0333431,0.20123409,1.00E-06,0.5000001,0.5000001
CD68,0.625714,0.0404111,0.305374601,790,0.687694,0.0300341,0.198654119,1.00E-06,0.5000001,0.5000001
RHOB,0.539818,0.0413121,0.305407716,790,0.457612,0.0644831,0.233115475,0.061653,0.0136181,0.242506935
CDH1,0.629488,0.0408811,0.305407716,790,0.662774,0.0348951,0.20123409,1.00E-06,0.5000001,0.5000001
APC,0.547132,0.0420821,0.305407716,790,0.542335,0.0445781,0.211435628,0.017393,0.2494201,0.5000001
C3AR1,0.507485,0.0419351,0.305407716,790,0.524846,0.0383731,0.204215463,1.00E-06,0.5000001,0.5000001
CENPN,0.77534,0.0436251,0.310458236,790,0.700823,0.0590601,0.2259903,0.016844,0.2019601,0.5000001
LMNB2,0.550346,0.0433581,0.310458236,790,0.514485,0.0550341,0.225095552,0.027333,0.1030601,0.5000001
DCTN4,0.587805,0.0441841,0.311249088,790,0.546768,0.0561581,0.225095552,0.034655,0.0840061,0.5000001
ADAMTS1,0.393839,0.0449101,0.311249088,790,0.36997,0.0531791,0.223835666,0.023556,0.1324901,0.5000001
MNDA,0.4815,0.0450101,0.311249088,790,0.479142,0.0462841,0.211435628,0.00575,0.3779301,0.5000001
DDX60,0.533525,0.0454471,0.311333872,790,0.531991,0.0474931,0.211435628,0.009637,0.3224801,0.5000001
RNF41,0.648334,0.0477861,0.316957708,790,0.576965,0.0711671,0.237053002,0.049436,0.0285861,0.331622056
NUTF2,0.58527,0.0484301,0.316957708,790,0.609164,0.0447631,0.211435628,0.000238,0.4954601,0.5000001
PSMD13,0.520847,0.0478141,0.316957708,790,0.522477,0.0484651,0.212076276,0.006211,0.3863301,0.5000001
TNFRSF1A,0.736648,0.0477901,0.316957708,790,0.809311,0.0346901,0.20123409,1.00E-06,0.5000001,0.5000001
PSMD14,0.736101,0.0481551,0.316957708,790,0.71049,0.0581871,0.225095552,0.027497,0.1273601,0.5000001
EIF4G1,0.705472,0.0492241,0.319303233,790,0.754268,0.0376911,0.204215463,1.00E-06,0.5000001,0.5000001
ZYX,0.527055,0.0503961,0.320518725,790,0.519002,0.0537781,0.22431766,0.016689,0.2526401,0.5000001
IFI44L,0.634525,0.0519991,0.320518725,790,0.581068,0.0697201,0.237053002,0.019405,0.1451601,0.5000001
ID2,0.559744,0.0520291,0.320518725,790,0.476185,0.0739021,0.237906208,0.026873,0.1063701,0.5000001
TOMM40,0.495205,0.0515151,0.320518725,790,0.50916,0.0485531,0.212076276,1.00E-06,0.5000001,0.5000001
FPR3,0.504702,0.0520351,0.320518725,790,0.543019,0.0430981,0.211435628,1.00E-06,0.5000001,0.5000001
SMAD7,0.810882,0.0500861,0.320518725,790,0.757067,0.0638981,0.233115475,0.013856,0.2374501,0.5000001
CTNNB1,0.631339,0.0532321,0.325159411,790,0.675598,0.0426091,0.211435628,1.00E-06,0.5000001,0.5000001
LGMN,0.559785,0.0537601,0.325670688,790,0.612456,0.0422021,0.211435628,1.00E-06,0.5000001,0.5000001
RAB3B,0.404953,0.0542761,0.326101486,790,0.401341,0.0564251,0.225095552,0.00896,0.3227101,0.5000001
HLA.B,0.691425,0.0552421,0.326552091,790,0.4747,0.1374501,0.293375789,0.054435,0.0034394,0.106162813
DYNC1H1,0.589212,0.0551861,0.326552091,790,0.659851,0.0396911,0.20882931,1.00E-06,0.5000001,0.5000001
IGFBP2,0.488199,0.0651231,0.340296949,790,0.504965,0.0613271,0.232741371,1.00E-06,0.5000001,0.5000001
RAB7A,0.647109,0.0616461,0.340296949,790,0.703312,0.0504881,0.218467199,1.00E-06,0.5000001,0.5000001
SPARC,0.570849,0.0602831,0.340296949,790,0.607715,0.0511691,0.219363827,1.00E-06,0.5000001,0.5000001
GPLD1,0.509204,0.0584111,0.340296949,790,0.60631,0.0356471,0.201275699,1.00E-06,0.5000001,0.5000001
LSM4,0.463472,0.0670881,0.340296949,790,0.470845,0.0665831,0.234417596,0.005137,0.4024601,0.5000001
NEO1,0.724432,0.0664881,0.340296949,790,0.650534,0.0931421,0.256335156,0.052049,0.0474691,0.448534557
PAICS,0.569214,0.0671571,0.340296949,790,0.387007,0.1569101,0.309057579,0.067726,0.0010728,0.0413922
COL3A1,0.567316,0.0603731,0.340296949,790,0.62193,0.0468321,0.211435628,1.00E-06,0.5000001,0.5000001
PSMC6,0.50022,0.0654111,0.340296949,790,0.580067,0.0472731,0.211435628,1.00E-06,0.5000001,0.5000001
FCGR3B,0.442868,0.0657721,0.340296949,790,0.46785,0.0583401,0.225095552,1.00E-06,0.5000001,0.5000001
F3,0.538736,0.0701021,0.340296949,790,0.55119,0.0672601,0.234417596,1.00E-06,0.5000001,0.5000001
RAB5B,0.536926,0.0683831,0.340296949,790,0.53736,0.0700301,0.237053002,0.014228,0.3154001,0.5000001
RACGAP1,0.550923,0.0656241,0.340296949,790,0.463078,0.0977151,0.257057337,0.034514,0.0570661,0.5000001
LILRB4,0.570038,0.0653971,0.340296949,790,0.572877,0.0656571,0.233840287,0.003012,0.4315401,0.5000001
PLOD2,0.482961,0.0669731,0.340296949,790,0.484072,0.0697611,0.237053002,0.015364,0.2709801,0.5000001
EZR,0.886761,0.0678331,0.340296949,790,0.989946,0.0459531,0.211435628,1.00E-06,0.5000001,0.5000001
DYNC1I1,0.616049,0.0674231,0.340296949,790,0.551779,0.0878901,0.24965102,0.026056,0.1333801,0.5000001
FPR1,0.597441,0.0625761,0.340296949,790,0.629873,0.0577711,0.225095552,0.00182,0.4576301,0.5000001
MRPL12,0.610368,0.0669411,0.340296949,790,0.565025,0.0816511,0.242763662,0.031093,0.1277001,0.5000001
PSMD11,0.429948,0.0595991,0.340296949,790,0.481767,0.0451271,0.211435628,1.00E-06,0.5000001,0.5000001
TRAF6,0.429202,0.0637571,0.340296949,790,0.465341,0.0525711,0.223306599,1.00E-06,0.5000001,0.5000001
IFNGR1,0.727046,0.0604131,0.340296949,790,0.674235,0.0750201,0.237906208,0.022686,0.2019301,0.5000001
DYNC1I2,0.568459,0.0698061,0.340296949,790,0.532545,0.0848261,0.245465527,0.036573,0.0899791,0.5000001
TAB1,0.466678,0.0700281,0.340296949,790,0.443558,0.0808021,0.242763662,0.032124,0.1154001,0.5000001
FARSA,0.640691,0.0693961,0.340296949,790,0.49101,0.1309501,0.28734548,0.049093,0.0163451,0.26584071
SELP,0.483742,0.0662041,0.340296949,790,0.482765,0.0673381,0.234417596,0.00607,0.3952401,0.5000001
IL1B,0.494211,0.0661171,0.340296949,790,0.48474,0.0706681,0.237053002,0.015583,0.2732101,0.5000001
HERC5,0.626329,0.0718571,0.341554828,790,0.632532,0.0748821,0.237906208,0.003931,0.3887601,0.5000001
SMO,0.45674,0.0722251,0.341554828,790,0.519025,0.0543561,0.224704235,1.00E-06,0.5000001,0.5000001
SEC23A,0.461399,0.0719861,0.341554828,790,0.488525,0.0628791,0.233115475,1.00E-06,0.5000001,0.5000001
TIMP1,0.497918,0.0720441,0.341554828,790,0.435853,0.0974381,0.257057337,0.065614,0.0210631,0.278634723
OAS3,0.591383,0.0750501,0.352639252,790,0.528555,0.0959641,0.257057337,0.018195,0.1788001,0.5000001
MT1F,0.402356,0.0756041,0.352979652,790,0.4361,0.0643831,0.233115475,1.00E-06,0.5000001,0.5000001
CD84,0.377502,0.0764851,0.354832774,790,0.411452,0.0642181,0.233115475,1.00E-06,0.5000001,0.5000001
PDIA4,0.654284,0.0773531,0.356508752,790,0.654907,0.0799231,0.242763662,0.010819,0.3447601,0.5000001
TAP2,0.586189,0.0778191,0.356508752,790,0.497195,0.1079201,0.264153928,0.026062,0.1210501,0.5000001
KIF3A,0.559964,0.0788061,0.35759586,790,0.643028,0.0572271,0.225095552,1.00E-06,0.5000001,0.5000001
MMP17,0.606751,0.0790321,0.35759586,790,0.605039,0.0782771,0.242763662,1.00E-06,0.5000001,0.5000001
CTNNA1,0.473129,0.0798881,0.359251394,790,0.523826,0.0629011,0.233115475,1.00E-06,0.5000001,0.5000001
PSMB3,0.441998,0.0807171,0.360652884,790,0.449247,0.0800301,0.242763662,0.004702,0.4057201,0.5000001
MAP3K7,0.444734,0.0875801,0.360652884,790,0.423961,0.0960021,0.257057337,0.021745,0.2271601,0.5000001
CSF1R,0.39455,0.0858541,0.360652884,790,0.379869,0.0957591,0.257057337,0.012216,0.2365001,0.5000001
DVL1,0.389768,0.0817541,0.360652884,790,0.354826,0.1010701,0.259075615,0.040099,0.0589121,0.5000001
AP1M1,0.579249,0.0821741,0.360652884,790,0.505937,0.1150001,0.273051519,0.042832,0.0460391,0.444085485
SLC11A1,0.568089,0.0856051,0.360652884,790,0.56825,0.0833891,0.24436173,1.00E-06,0.5000001,0.5000001
COQ2,0.47116,0.0873511,0.360652884,790,0.46565,0.0921881,0.255587367,0.008715,0.3240101,0.5000001
RILP,0.462873,0.0813441,0.360652884,790,0.455497,0.0861091,0.247630517,0.019587,0.2454201,0.5000001
PSMC2,0.57942,0.0865051,0.360652884,790,0.608286,0.0805671,0.242763662,0.000165,0.4966801,0.5000001
CALR,0.605774,0.0867781,0.360652884,790,0.507602,0.1280001,0.285813684,0.027463,0.0948581,0.5000001
IFIT1,0.471587,0.0835601,0.360652884,790,0.43343,0.1012801,0.259075615,0.013924,0.2017201,0.5000001
PGM2,0.517962,0.0847251,0.360652884,790,0.509939,0.0867111,0.247822465,0.002063,0.4554901,0.5000001
ATG5,0.550235,0.0831341,0.360652884,790,0.513086,0.1008801,0.259075615,0.026681,0.1279201,0.5000001
T.cells.follicular.helper,0.430154,0.0858371,0.360652884,789,0.356417,0.1266101,0.285711681,0.034409,0.0332641,0.366697102
SIGLEC5,0.419777,0.0867301,0.360652884,790,0.434682,0.0817951,0.242763662,1.00E-06,0.5000001,0.5000001
DHFR,0.603261,0.0908271,0.36920967,790,0.581363,0.0999311,0.259075615,0.006306,0.3585501,0.5000001
MYBL1,0.494241,0.0911691,0.36920967,790,0.468665,0.1012101,0.259075615,0.015395,0.2710701,0.5000001
MMP14,0.61855,0.0911491,0.36920967,790,0.78837,0.0459611,0.211435628,1.00E-06,0.5000001,0.5000001
SMAD2,0.493326,0.0928271,0.369794915,790,0.430538,0.1258401,0.285711681,0.033568,0.0611101,0.5000001
IGF2R,0.35964,0.0924591,0.369794915,790,0.351739,0.0972861,0.257057337,0.009795,0.3198301,0.5000001
AP1S1,0.342408,0.0928231,0.369794915,790,0.383319,0.0737651,0.237906208,1.00E-06,0.5000001,0.5000001
FAM89B,0.373407,0.0938191,0.371726488,790,0.314806,0.1271201,0.285711681,0.065286,0.0128471,0.237928292
IL1A,0.43861,0.0958021,0.377542684,790,0.413763,0.1092101,0.264734431,0.017178,0.2144301,0.5000001
SLC25A5,0.577231,0.0980741,0.381629663,790,0.682684,0.0649501,0.233115475,1.00E-06,0.5000001,0.5000001
SLC1A3,0.469167,0.0978721,0.381629663,790,0.503522,0.0841271,0.244973882,1.00E-06,0.5000001,0.5000001
TGFBR1,0.463255,0.0984011,0.381629663,790,0.509162,0.0813571,0.242763662,1.00E-06,0.5000001,0.5000001
SPIB,0.355506,0.1029001,0.383169611,790,0.353433,0.1038901,0.26141911,0.003084,0.4369101,0.5000001
CDK2,0.587158,0.1013501,0.383169611,790,0.347026,0.2258201,0.359294523,0.066641,0.0029969,0.099111764
TAP1,0.61742,0.1018101,0.383169611,790,0.494131,0.1561001,0.309057579,0.023034,0.1034801,0.5000001
ACTL6A,0.464428,0.0996141,0.383169611,790,0.476827,0.0935651,0.256335156,1.00E-06,0.5000001,0.5000001
NOP16,0.377996,0.1029801,0.383169611,790,0.349585,0.1186401,0.278834347,0.019579,0.1768701,0.5000001
MERTK,0.303399,0.0999341,0.383169611,790,0.333595,0.0831071,0.24436173,1.00E-06,0.5000001,0.5000001
CD59,0.616196,0.1028301,0.383169611,790,0.66115,0.0892291,0.251353159,1.00E-06,0.5000001,0.5000001
HERC6,0.561625,0.1007301,0.383169611,790,0.486425,0.1438301,0.30547402,0.017474,0.1262401,0.5000001
IFN.gamma.Response,0.482356,0.1042201,0.385824916,777,0.468556,0.1125901,0.270099566,0.006107,0.3493801,0.5000001
TCF7L2,0.418779,0.1051301,0.385998883,790,0.497726,0.0722421,0.237906208,1.00E-06,0.5000001,0.5000001
STRA13,0.441252,0.1063801,0.385998883,790,0.447539,0.1034501,0.26141911,1.00E-06,0.5000001,0.5000001
CTSD,0.452599,0.1065001,0.385998883,790,0.423616,0.1249201,0.285711681,0.018706,0.1747001,0.5000001
TNC,0.391128,0.1069001,0.385998883,790,0.397676,0.1064801,0.264153928,0.011853,0.3540501,0.5000001
CD14,0.359058,0.1059001,0.385998883,790,0.285646,0.1582001,0.309057579,0.049186,0.0111931,0.22532197
CREBBP,0.357569,0.1074901,0.386226683,790,0.359697,0.1080401,0.264153928,0.007509,0.3836001,0.5000001
EFNA5,0.376217,0.1094301,0.391279333,790,0.407417,0.0973921,0.257057337,1.00E-06,0.5000001,0.5000001
IFIT2,0.412609,0.1121401,0.395094261,790,0.395767,0.1202501,0.28119089,0.006725,0.3575601,0.5000001
COTL1,0.374458,0.1134201,0.395094261,790,0.349795,0.1307101,0.28734548,0.028734,0.1192201,0.5000001
EMP2,0.365123,0.1122601,0.395094261,790,0.386858,0.1023701,0.260425035,1.00E-06,0.5000001,0.5000001
FARSB,0.379532,0.1137401,0.395094261,790,0.37219,0.1242101,0.285711681,0.013892,0.2239101,0.5000001
KIF3B,0.29822,0.1142701,0.395094261,790,0.341817,0.0895751,0.251353159,1.00E-06,0.5000001,0.5000001
HN1L,0.422271,0.1131601,0.395094261,790,0.475705,0.0914341,0.255024026,1.00E-06,0.5000001,0.5000001
HMGB1,0.398153,0.1114701,0.395094261,790,0.363725,0.1295901,0.287082375,0.013052,0.2293801,0.5000001
MMP2,0.59703,0.1156101,0.39785072,790,0.719521,0.0732661,0.237906208,1.00E-06,0.5000001,0.5000001
PSMB6,0.428085,0.1222801,0.418837913,790,0.462256,0.1060801,0.264153928,1.00E-06,0.5000001,0.5000001
RHOC,0.434005,0.1236201,0.421458294,790,0.422507,0.1323101,0.288960266,0.007366,0.3354501,0.5000001
PSME4,0.501219,0.1257601,0.426769228,790,0.461161,0.1469401,0.30743638,0.042858,0.1215001,0.5000001
PLAUR,0.547978,0.1264701,0.427200845,790,0.711244,0.0703571,0.237053002,1.00E-06,0.5000001,0.5000001
LAMA4,0.324408,0.1289201,0.432671157,790,0.35401,0.1133701,0.270568847,1.00E-06,0.5000001,0.5000001
SAMHD1,0.309913,0.1292701,0.432671157,790,0.328377,0.1179601,0.278650644,1.00E-06,0.5000001,0.5000001
ITGA4,0.331478,0.1313501,0.437634651,790,0.3727,0.1084001,0.264153928,1.00E-06,0.5000001,0.5000001
MARVELD2,0.418953,0.1332801,0.442055716,790,0.413762,0.1367701,0.293375789,0.006916,0.3948301,0.5000001
KIF15,0.487797,0.1373601,0.445644948,790,0.497979,0.1334301,0.290038199,1.00E-06,0.5000001,0.5000001
HAVCR2,0.38475,0.1353801,0.445644948,790,0.434966,0.1124501,0.270099566,1.00E-06,0.5000001,0.5000001
TGFB3,0.462465,0.1380101,0.445644948,790,0.468843,0.1344101,0.29080316,1.00E-06,0.5000001,0.5000001
RTP4,0.577894,0.1364301,0.445644948,790,0.467262,0.1881101,0.337577428,0.020924,0.1510401,0.5000001
MRPS28,0.496983,0.1369501,0.445644948,790,0.342406,0.2321301,0.36508423,0.058405,0.0089977,0.208296755
HLA.F,0.420841,0.1379801,0.445644948,790,0.317638,0.2027901,0.35012738,0.051353,0.0195591,0.266348921
CD86,0.387039,0.1395601,0.448673479,790,0.41569,0.1257901,0.285711681,1.00E-06,0.5000001,0.5000001
EIF4EBP1,0.386619,0.1409301,0.451099403,790,0.370806,0.1507601,0.308858081,0.008718,0.3281901,0.5000001
RASSF4,0.350582,0.1430701,0.453839124,790,0.317391,0.1666301,0.317488627,0.021865,0.1568701,0.5000001
NRIP3,0.484319,0.1452501,0.453839124,790,0.56581,0.1073101,0.264153928,1.00E-06,0.5000001,0.5000001
SMURF2,0.351342,0.1457301,0.453839124,790,0.334184,0.1558201,0.309057579,0.015432,0.2908401,0.5000001
TPRKB,0.33699,0.1455101,0.453839124,790,0.330306,0.1540001,0.309057579,0.00916,0.3058901,0.5000001
PITPNC1,0.374265,0.1441401,0.453839124,790,0.342985,0.1661401,0.317488627,0.014307,0.2161001,0.5000001
BTN3A1,0.323621,0.1461201,0.453839124,790,0.295361,0.1643101,0.316981568,0.015095,0.2295801,0.5000001
NOD2,0.482239,0.1453801,0.453839124,790,0.443123,0.1641601,0.316981568,0.012892,0.2832401,0.5000001
ITGB2,0.364998,0.1475501,0.456346934,790,0.301721,0.1933801,0.341736589,0.025507,0.0864601,0.5000001
IMP4,0.313503,0.1493401,0.459942409,790,0.319384,0.1463201,0.30743638,1.00E-06,0.5000001,0.5000001
NUDT15,0.340244,0.1512901,0.463998508,790,0.341656,0.1481701,0.307635678,1.00E-06,0.5000001,0.5000001
SAR1B,0.412872,0.1564101,0.477702514,790,0.455047,0.1375001,0.293375789,1.00E-06,0.5000001,0.5000001
ERAP1,0.336983,0.1587601,0.482867856,790,0.393018,0.1284001,0.285813684,1.00E-06,0.5000001,0.5000001
PSMD1,0.312431,0.1600001,0.484628402,790,0.298276,0.1720001,0.324269578,0.013958,0.2626001,0.5000001
PSMF1,0.287062,0.1617801,0.487005493,790,0.296401,0.1577901,0.309057579,0.001275,0.4740301,0.5000001
AP1B1,0.328606,0.1660001,0.487005493,790,0.337798,0.1662001,0.317488627,0.0054,0.3825001,0.5000001
HMGN2,0.38508,0.1660101,0.487005493,790,0.310002,0.2138301,0.35232504,0.03062,0.0987551,0.5000001
PSMD10,0.357825,0.1660401,0.487005493,790,0.376431,0.1565001,0.309057579,1.00E-06,0.5000001,0.5000001
IFIT3,0.352358,0.1661001,0.487005493,790,0.320904,0.1878301,0.337577428,0.009649,0.2770401,0.5000001
CDCA4,0.371897,0.1648001,0.487005493,790,0.406961,0.1492001,0.308391278,1.00E-06,0.5000001,0.5000001
PSMB10,0.291462,0.1657501,0.487005493,790,0.251383,0.2014601,0.35012738,0.033494,0.0675081,0.5000001
NCF1,0.423733,0.1629201,0.487005493,790,0.372915,0.1933301,0.341736589,0.013871,0.2255001,0.5000001
EIF2AK1,0.307901,0.1681801,0.489423227,790,0.250348,0.2205801,0.356590823,0.049042,0.0240451,0.309246703
DNM2,0.381974,0.1682601,0.489423227,790,0.227081,0.2855401,0.384317053,0.049221,0.0103321,0.222705105
SEC24C,0.294384,0.1708001,0.492793048,790,0.278087,0.1851301,0.337577428,0.016373,0.2383101,0.5000001
CORO1A,0.365377,0.1720701,0.492793048,790,0.302185,0.2197601,0.356590823,0.030722,0.0782211,0.5000001
LSM3,0.338726,0.1727801,0.492793048,790,0.372644,0.1520301,0.309057579,1.00E-06,0.5000001,0.5000001
CTSV,0.269756,0.1702801,0.492793048,790,0.30312,0.1473201,0.30743638,1.00E-06,0.5000001,0.5000001
COL6A3,0.323188,0.1724701,0.492793048,790,0.359677,0.1504401,0.308858081,1.00E-06,0.5000001,0.5000001
SRM,0.245512,0.1740501,0.493912098,790,0.249835,0.1722901,0.324269578,0.00172,0.4643301,0.5000001
RPN1,0.446528,0.1745201,0.493912098,790,0.497516,0.1474101,0.30743638,1.00E-06,0.5000001,0.5000001
ARHGDIA,0.307214,0.1759001,0.495902974,790,0.293312,0.1854401,0.337577428,0.010507,0.3241201,0.5000001
HMHA1,0.300571,0.1805001,0.5000001,790,0.234318,0.2379301,0.366446964,0.045742,0.0264271,0.330695873
AP2B1,0.174139,0.2699101,0.5000001,790,0.239204,0.2102801,0.35012738,1.00E-06,0.5000001,0.5000001
APOO,1.00E-06,0.5000001,0.5000001,790,,,,,,
PAK1,0.361012,0.1982601,0.5000001,790,0.3034,0.2374101,0.366446964,0.022801,0.1584201,0.5000001
TGFBR2,1.00E-06,0.5000001,0.5000001,790,,,,,,
FGL2,1.00E-06,0.5000001,0.5000001,790,,,,,,
TAPBPL,0.186103,0.3012201,0.5000001,790,0.192503,0.2983101,0.384728625,0.000694,0.4859001,0.5000001
APITD1,1.00E-06,0.5000001,0.5000001,790,,,,,,
FLNC,1.00E-06,0.5000001,0.5000001,790,,,,,,
GZMA,1.00E-06,0.5000001,0.5000001,790,,,,,,
RHOG,0.211383,0.2730501,0.5000001,790,0.159793,0.3221401,0.390963123,0.025416,0.1150501,0.5000001
PSMB8,1.00E-06,0.5000001,0.5000001,790,,,,,,
ITGB5,1.00E-06,0.5000001,0.5000001,790,,,,,,
KIF22,0.065338,0.4307901,0.5000001,790,0.045211,0.4519901,0.462989859,0.008759,0.3377801,0.5000001
MAGOHB,0.065615,0.4449601,0.5000001,790,0.064809,0.4453101,0.458174614,0.000194,0.4968101,0.5000001
KIF23,0.071572,0.4323201,0.5000001,790,0.003514,0.4966401,0.5000001,0.020481,0.1610001,0.5000001
Proliferation,0.260174,0.2799501,0.5000001,777,0.190854,0.3345201,0.393949661,0.015783,0.1999401,0.5000001
SDC1,0.217298,0.2929001,0.5000001,790,0.338146,0.2071301,0.35012738,1.00E-06,0.5000001,0.5000001
IDO1,1.00E-06,0.5000001,0.5000001,790,,,,,,
SEC22B,1.00E-06,0.5000001,0.5000001,790,,,,,,
LAG3,1.00E-06,0.5000001,0.5000001,790,,,,,,
ACE,1.00E-06,0.5000001,0.5000001,790,,,,,,
SELL,1.00E-06,0.5000001,0.5000001,790,,,,,,
DYNLL1,0.30385,0.2302201,0.5000001,790,0.26815,0.2598501,0.373816178,0.009017,0.2835901,0.5000001
PTGER4,1.00E-06,0.5000001,0.5000001,790,,,,,,
EPHB2,0.15204,0.3326401,0.5000001,790,0.214497,0.2740801,0.377118446,1.00E-06,0.5000001,0.5000001
BLK,1.00E-06,0.5000001,0.5000001,790,,,,,,
SP140,0.061521,0.4438401,0.5000001,790,0.107187,0.4039201,0.435932416,1.00E-06,0.5000001,0.5000001
MS4A4A,0.171266,0.2695701,0.5000001,790,0.174816,0.2674001,0.374120925,0.000765,0.4858601,0.5000001
PSME3,0.074156,0.4197001,0.5000001,790,0.084401,0.4103601,0.439807237,1.00E-06,0.5000001,0.5000001
CD1D,0.077775,0.3835201,0.5000001,790,0.083118,0.3776701,0.414363167,1.00E-06,0.5000001,0.5000001
EP300,0.142199,0.3152201,0.5000001,790,0.118324,0.3427501,0.396309642,0.026585,0.1619701,0.5000001
TUBG1,0.076322,0.4349001,0.5000001,790,0.069566,0.4408301,0.455590036,0.003969,0.4426101,0.5000001
ACTR1A,0.327001,0.2368201,0.5000001,790,0.351358,0.2170701,0.355135888,1.00E-06,0.5000001,0.5000001
H2AFZ,1.00E-06,0.5000001,0.5000001,790,,,,,,
PHF19,0.265386,0.2258801,0.5000001,790,0.177395,0.3046301,0.38740599,0.05668,0.0163541,0.26584071
RFC3,1.00E-06,0.5000001,0.5000001,790,,,,,,
PSMB1,0.21621,0.3209901,0.5000001,790,0.19815,0.3337601,0.393949661,0.010045,0.3699301,0.5000001
TNFRSF4,0.227789,0.2361701,0.5000001,790,0.170384,0.2930701,0.384564792,0.049571,0.0287061,0.331622056
FGR,0.001475,0.4978401,0.5000001,790,,,,,,
TRA2B,1.00E-06,0.5000001,0.5000001,790,,,,,,
BTLA,1.00E-06,0.5000001,0.5000001,790,,,,,,
RAB4A,0.13618,0.3355701,0.5000001,790,0.146662,0.3269301,0.39192304,1.00E-06,0.5000001,0.5000001
RBM14,0.261292,0.2345101,0.5000001,790,0.238655,0.2540801,0.373816178,0.014507,0.2638201,0.5000001
RNASE6,1.00E-06,0.5000001,0.5000001,790,,,,,,
TNFRSF18,1.00E-06,0.5000001,0.5000001,790,,,,,,
TPM1,1.00E-06,0.5000001,0.5000001,790,,,,,,
MCTS1,1.00E-06,0.5000001,0.5000001,790,,,,,,
ADGRE5,0.211237,0.3464701,0.5000001,790,0.185497,0.3671601,0.413613446,0.012909,0.3193501,0.5000001
XCL1,1.00E-06,0.5000001,0.5000001,790,,,,,,
CD3G,1.00E-06,0.5000001,0.5000001,790,,,,,,
PXN,1.00E-06,0.5000001,0.5000001,790,,,,,,
HAS2,1.00E-06,0.5000001,0.5000001,790,,,,,,
DCTN1,1.00E-06,0.5000001,0.5000001,790,,,,,,
EPHB4,0.023502,0.4740301,0.5000001,790,,,,,,
CCR7,0.138245,0.3082201,0.5000001,790,0.172101,0.2719401,0.377118446,1.00E-06,0.5000001,0.5000001
AIMP2,1.00E-06,0.5000001,0.5000001,790,,,,,,
CPVL,1.00E-06,0.4999501,0.5000001,790,,,,,,
ICAM1,0.291017,0.2396501,0.5000001,790,0.264198,0.2601501,0.373816178,0.010942,0.3026301,0.5000001
IKZF1,1.00E-06,0.5000001,0.5000001,790,,,,,,
CD53,1.00E-06,0.5000001,0.5000001,790,,,,,,
EBNA1BP2,1.00E-06,0.5000001,0.5000001,790,,,,,,
CD37,1.00E-06,0.5000001,0.5000001,790,,,,,,
MYBL2,0.030456,0.4731301,0.5000001,790,,,,,,
RAB35,0.045515,0.4426901,0.5000001,790,,,,,,
ITGA6,0.359775,0.1953701,0.5000001,790,0.398906,0.1785701,0.333378856,1.00E-06,0.5000001,0.5000001
BCCIP,1.00E-06,0.5000001,0.5000001,790,,,,,,
SMS,0.248758,0.2551201,0.5000001,790,0.166311,0.3330001,0.393949661,0.046606,0.0280801,0.331622056
CORO1C,0.122398,0.3496301,0.5000001,790,0.176273,0.2940301,0.384564792,1.00E-06,0.5000001,0.5000001
KIF4A,0.35759,0.2035701,0.5000001,790,0.346938,0.2117401,0.35012738,0.004265,0.4090701,0.5000001
DOCK2,0.113965,0.3522201,0.5000001,790,0.133586,0.3314101,0.393949661,1.00E-06,0.5000001,0.5000001
KIF4B,0.226848,0.2924801,0.5000001,790,0.190658,0.3234101,0.390963123,0.015407,0.2459601,0.5000001
CXCL9,1.00E-06,0.5000001,0.5000001,790,,,,,,
SPRYD7,0.010925,0.4881501,0.5000001,790,,,,,,
ARF1,1.00E-06,0.5000001,0.5000001,790,,,,,,
FGD1,1.00E-06,0.5000001,0.5000001,790,,,,,,
NCF2,0.243654,0.2067001,0.5000001,790,0.237094,0.2116501,0.35012738,0.003548,0.4261301,0.5000001
SLAMF7,1.00E-06,0.5000001,0.5000001,790,,,,,,
ERLIN1,0.22973,0.2713601,0.5000001,790,0.166334,0.3260901,0.39192304,0.036119,0.0795491,0.5000001
TPM2,1.00E-06,0.5000001,0.5000001,790,,,,,,
OASL,0.094143,0.4231801,0.5000001,790,0.057368,0.4535301,0.463541802,0.005039,0.3664901,0.5000001
PSMC4,1.00E-06,0.5000001,0.5000001,790,,,,,,
CD74,1.00E-06,0.5000001,0.5000001,790,,,,,,
CMC2,0.086088,0.4172801,0.5000001,790,0.087788,0.4172501,0.443195175,0.001168,0.4808601,0.5000001
CENPO,0.255469,0.2509601,0.5000001,790,0.17931,0.3176801,0.390963123,0.026804,0.0941361,0.5000001
PFKP,1.00E-06,0.5000001,0.5000001,790,,,,,,
DDX58,0.026576,0.4697501,0.5000001,790,,,,,,
KIF11,0.191427,0.3306901,0.5000001,790,0.070018,0.4363901,0.452010327,0.029402,0.0703351,0.5000001
SAMSN1,1.00E-06,0.5000001,0.5000001,790,,,,,,
SPAG17,1.00E-06,0.5000001,0.5000001,790,,,,,,
APOC1,1.00E-06,0.5000001,0.5000001,790,,,,,,
PSMA6,0.253292,0.2052601,0.5000001,790,0.302834,0.1698001,0.322202649,1.00E-06,0.5000001,0.5000001
SMAD4,0.25861,0.2467301,0.5000001,790,0.250461,0.2528301,0.373816178,0.003595,0.4282801,0.5000001
CMSS1,0.258377,0.2898901,0.5000001,790,0.208575,0.3275901,0.39192304,0.01175,0.2726601,0.5000001
MAP3K8,0.028554,0.4669101,0.5000001,790,,,,,,
CPA3,1.00E-06,0.5000001,0.5000001,790,,,,,,
PDLIM7,1.00E-06,0.5000001,0.5000001,790,,,,,,
AP2M1,1.00E-06,0.5000001,0.5000001,790,,,,,,
THBS1,0.209281,0.2628501,0.5000001,790,0.275287,0.2062301,0.35012738,1.00E-06,0.5000001,0.5000001
PSME2,1.00E-06,0.5000001,0.5000001,790,,,,,,
UAP1,1.00E-06,0.5000001,0.5000001,790,,,,,,
CPEB4,1.00E-06,0.5000001,0.5000001,790,,,,,,
SLC7A7,0.300249,0.1857001,0.5000001,790,0.348573,0.1545101,0.309057579,1.00E-06,0.5000001,0.5000001
VTCN1,0.079474,0.3962801,0.5000001,790,0.112945,0.3566901,0.405767853,1.00E-06,0.5000001,0.5000001
MNAT1,0.328847,0.1970701,0.5000001,790,0.388147,0.1641401,0.316981568,1.00E-06,0.5000001,0.5000001
COX17,1.00E-06,0.5000001,0.5000001,790,,,,,,
GGH,1.00E-06,0.5000001,0.5000001,790,,,,,,
TPSB2,0.308803,0.2651901,0.5000001,790,0.248806,0.3053601,0.38740599,0.018325,0.2222701,0.5000001
PSMB4,0.223121,0.2500301,0.5000001,790,0.231578,0.2473601,0.373816178,0.00181,0.4579701,0.5000001
LRP1,0.128308,0.3333501,0.5000001,790,0.166985,0.2927801,0.384564792,1.00E-06,0.5000001,0.5000001
AP3B1,0.207069,0.2871801,0.5000001,790,0.184955,0.3092001,0.38740599,0.023269,0.2110201,0.5000001
RUNX3,0.256897,0.2045501,0.5000001,790,0.252475,0.2084001,0.35012738,0.008405,0.3843301,0.5000001
IGFBP5,0.123739,0.4101401,0.5000001,790,0.243574,0.3225201,0.390963123,1.00E-06,0.5000001,0.5000001
ARHGAP1,0.141131,0.3370501,0.5000001,790,0.198627,0.2794201,0.38050443,1.00E-06,0.5000001,0.5000001
PSMA3,1.00E-06,0.5000001,0.5000001,790,,,,,,
YTHDF1,1.00E-06,0.5000001,0.5000001,790,,,,,,
TRAT1,1.00E-06,0.5000001,0.5000001,790,,,,,,
VEGFA,1.00E-06,0.5000001,0.5000001,790,,,,,,
GSTCD,1.00E-06,0.5000001,0.5000001,790,,,,,,
MYCBP,0.119141,0.3802401,0.5000001,790,0.242334,0.2761601,0.378290314,1.00E-06,0.5000001,0.5000001
HNRNPA2B1,1.00E-06,0.5000001,0.5000001,790,,,,,,
C19orf48,0.117771,0.3657301,0.5000001,790,0.108944,0.3759201,0.414363167,0.00797,0.3719901,0.5000001
PSMB5,0.313219,0.2663401,0.5000001,790,0.396467,0.2112901,0.35012738,1.00E-06,0.5000001,0.5000001
Lymphocyte.Infiltration.Signature.Score,1.00E-06,0.5000001,0.5000001,777,,,,,,
CD79A,1.00E-06,0.5000001,0.5000001,790,,,,,,
FOXP3,1.00E-06,0.5000001,0.5000001,790,,,,,,
PA2G4,1.00E-06,0.5000001,0.5000001,790,,,,,,
PSMD4,0.03678,0.4477601,0.5000001,790,,,,,,
NUP35,0.357221,0.1832701,0.5000001,790,0.26097,0.2620801,0.373816178,0.029259,0.0513391,0.475400066
PDCD1LG2,0.199301,0.3019501,0.5000001,790,0.211801,0.2908701,0.384564792,1.00E-06,0.5000001,0.5000001
PSMA5,0.142972,0.3671701,0.5000001,790,0.227816,0.2971101,0.384728625,1.00E-06,0.5000001,0.5000001
CCBL2,0.129218,0.3690801,0.5000001,790,0.119605,0.3776001,0.414363167,0.004953,0.4178801,0.5000001
MMP19,0.003948,0.4960001,0.5000001,790,,,,,,
CAPZA1,1.00E-06,0.5000001,0.5000001,790,,,,,,
CD28,0.108516,0.3629101,0.5000001,790,0.132407,0.3375501,0.395023299,1.00E-06,0.5000001,0.5000001
VAMP8,0.029912,0.4603501,0.5000001,790,,,,,,
MCM3,0.088966,0.4177101,0.5000001,790,0.082451,0.4235801,0.445721787,0.001198,0.4671701,0.5000001
AP1S3,1.00E-06,0.5000001,0.5000001,790,,,,,,
NID1,0.297648,0.1907601,0.5000001,790,0.350286,0.1573901,0.309057579,1.00E-06,0.5000001,0.5000001
PNN,1.00E-06,0.5000001,0.5000001,790,,,,,,
RNF138,1.00E-06,0.5000001,0.5000001,790,,,,,,
RASSF2,1.00E-06,0.5000001,0.5000001,790,,,,,,
TREM2,1.00E-06,0.5000001,0.5000001,790,,,,,,
ITGA5,0.235684,0.3239301,0.5000001,790,0.360192,0.2398601,0.366518899,1.00E-06,0.5000001,0.5000001
WDR77,1.00E-06,0.5000001,0.5000001,790,,,,,,
IL2RA,0.18089,0.3127901,0.5000001,790,0.179538,0.3147601,0.389662905,0.002396,0.4586301,0.5000001
ENO1,0.001114,0.4990101,0.5000001,790,,,,,,
RPP40,0.240123,0.1979801,0.5000001,790,0.242775,0.1971101,0.347003712,0.001537,0.4671201,0.5000001
PRF1,1.00E-06,0.5000001,0.5000001,790,,,,,,
BCAP31,1.00E-06,0.4992301,0.5000001,790,,,,,,
SELPLG,0.041129,0.4610701,0.5000001,790,,,,,,
RMND5B,1.00E-06,0.5000001,0.5000001,790,,,,,,
HNRNPR,0.020676,0.4785901,0.5000001,790,,,,,,
TMEM130,1.00E-06,0.5000001,0.5000001,790,,,,,,
NPC2,1.00E-06,0.5000001,0.5000001,790,,,,,,
PLK4,1.00E-06,0.5000001,0.5000001,790,,,,,,
KIF2C,0.317046,0.2259401,0.5000001,790,0.273741,0.2585901,0.373816178,0.011713,0.2630001,0.5000001
TPI1,1.00E-06,0.5000001,0.5000001,790,,,,,,
DCLRE1B,1.00E-06,0.5000001,0.5000001,790,,,,,,
CAPZB,0.01183,0.4900401,0.5000001,790,,,,,,
FLI1,1.00E-06,0.5000001,0.5000001,790,,,,,,
SNRPC,0.277559,0.2095601,0.5000001,790,0.303068,0.1926001,0.341736589,1.00E-06,0.5000001,0.5000001
TGF.beta.Response,0.261873,0.3055901,0.5000001,777,0.365845,0.2366001,0.366446964,1.00E-06,0.5000001,0.5000001
WDR54,1.00E-06,0.5000001,0.5000001,790,,,,,,
NLN,0.283806,0.2453601,0.5000001,790,0.290634,0.2382301,0.366446964,1.00E-06,0.5000001,0.5000001
CLEC4A,0.115141,0.3350801,0.5000001,790,0.099904,0.3550101,0.405767853,0.011398,0.2834601,0.5000001
MET,0.184629,0.2631201,0.5000001,790,0.123246,0.3299801,0.393764913,0.055833,0.0192851,0.266348921
EOMES,1.00E-06,0.5000001,0.5000001,790,,,,,,
CCRL2,1.00E-06,0.5000001,0.5000001,790,,,,,,
PPIH,0.188492,0.2316201,0.5000001,790,0.239208,0.1846201,0.337577428,1.00E-06,0.5000001,0.5000001
COL6A1,0.072707,0.4414801,0.5000001,790,0.173138,0.3625501,0.41041735,1.00E-06,0.5000001,0.5000001
ITGB3,0.152442,0.2917701,0.5000001,790,0.165638,0.2788201,0.38050443,1.00E-06,0.5000001,0.5000001
SERPINE1,0.131812,0.3609601,0.5000001,790,0.135676,0.3566101,0.405767853,1.00E-06,0.5000001,0.5000001
NME1,0.297222,0.2568001,0.5000001,790,0.33281,0.2331401,0.36508423,1.00E-06,0.5000001,0.5000001
CBX1,0.198924,0.2957701,0.5000001,790,0.240319,0.2628201,0.373816178,1.00E-06,0.5000001,0.5000001
SKA2,1.00E-06,0.5000001,0.5000001,790,,,,,,
SLC16A1,1.00E-06,0.5000001,0.5000001,790,,,,,,
PSMA2,0.338781,0.2415301,0.5000001,790,0.335521,0.2446201,0.37256285,0.003404,0.4455901,0.5000001
SAR1A,1.00E-06,0.5000001,0.5000001,790,,,,,,
PTPRC,1.00E-06,0.5000001,0.5000001,790,,,,,,
COPS6,0.051359,0.4123201,0.5000001,790,0.045121,0.4227601,0.445721787,0.007083,0.3609501,0.5000001
LCP2,1.00E-06,0.5000001,0.5000001,790,,,,,,
TBX21,1.00E-06,0.5000001,0.5000001,790,,,,,,
PSMD3,0.275035,0.1947101,0.5000001,790,0.297408,0.1798501,0.333804665,1.00E-06,0.5000001,0.5000001
SEMA3F,1.00E-06,0.5000001,0.5000001,790,,,,,,
EXOSC8,0.080101,0.4037501,0.5000001,790,0.077756,0.4072101,0.437443797,0.001542,0.4625901,0.5000001
HLA.DMA,0.100084,0.4027101,0.5000001,790,0.080649,0.4224901,0.445721787,0.006538,0.3607001,0.5000001
PSMA7,0.078006,0.4396101,0.5000001,790,0.134238,0.3955101,0.428855214,1.00E-06,0.5000001,0.5000001
HSPB11,0.225894,0.2939501,0.5000001,790,0.217997,0.3014301,0.38740599,0.008789,0.3817901,0.5000001
SLC25A40,0.238652,0.2015901,0.5000001,790,0.238764,0.2011701,0.35012738,0.0006,0.4880101,0.5000001
NPL,1.00E-06,0.5000001,0.5000001,790,,,,,,
PSMC3,1.00E-06,0.5000001,0.5000001,790,,,,,,
SNRPE,1.00E-06,0.5000001,0.5000001,790,,,,,,
HLA.A,0.171539,0.3496801,0.5000001,790,1.00E-06,0.5000001,0.5000001,0.065453,0.00065811,0.027700448
AP2A2,1.00E-06,0.5000001,0.5000001,790,,,,,,
CD52,1.00E-06,0.5000001,0.5000001,790,,,,,,
CAPZA2,0.292973,0.2287101,0.5000001,790,0.155814,0.3391901,0.395579386,0.069913,0.0062863,0.171209229
SYK,1.00E-06,0.5000001,0.5000001,790,,,,,,
NOD1,0.136059,0.3111801,0.5000001,790,0.161418,0.2833101,0.382427336,1.00E-06,0.5000001,0.5000001
TPSAB1,0.053705,0.4521901,0.5000001,790,1.00E-06,0.5000001,0.5000001,0.022182,0.1594701,0.5000001
NUP85,1.00E-06,0.5000001,0.5000001,790,,,,,,
GNG11,1.00E-06,0.5000001,0.5000001,790,,,,,,
IGFBP4,0.115946,0.3921601,0.5000001,790,0.078241,0.4278801,0.449225593,0.01239,0.2657101,0.5000001
SH2B3,1.00E-06,0.5000001,0.5000001,790,,,,,,
CD207,0.134938,0.3659801,0.5000001,790,0.198252,0.3095901,0.38740599,1.00E-06,0.5000001,0.5000001
WAS,0.013803,0.4845401,0.5000001,790,,,,,,
FCGRT,1.00E-06,0.5000001,0.5000001,790,,,,,,
DSP,1.00E-06,0.5000001,0.5000001,790,,,,,,
LAPTM5,0.191444,0.3220301,0.5000001,790,0.212114,0.3073301,0.38740599,1.00E-06,0.5000001,0.5000001
CHEK1,0.019069,0.4784601,0.5000001,790,,,,,,
B2M,0.165909,0.3083301,0.5000001,790,0.150887,0.3228501,0.390963123,0.007859,0.3515401,0.5000001
CD3D,1.00E-06,0.5000001,0.5000001,790,,,,,,
TPM3,1.00E-06,0.5000001,0.5000001,790,,,,,,
IKBKB,0.227349,0.3279401,0.5000001,790,0.274235,0.2932901,0.384564792,1.00E-06,0.5000001,0.5000001
PSMA1,0.084781,0.4351501,0.5000001,790,0.109982,0.4187301,0.443643104,1.00E-06,0.5000001,0.5000001
CLTA,1.00E-06,0.5000001,0.5000001,790,,,,,,
HLA.DPA1,0.057012,0.4458001,0.5000001,790,1.00E-06,0.5000001,0.5000001,0.064618,0.0073153,0.186055332
SMAD3,1.00E-06,0.5000001,0.5000001,790,,,,,,
LAIR1,0.182893,0.2932601,0.5000001,790,0.217401,0.2642101,0.373816178,1.00E-06,0.5000001,0.5000001
PDAP1,0.048157,0.4160101,0.5000001,790,,,,,,
AP3D1,1.00E-06,0.5000001,0.5000001,790,,,,,,
RFTN1,1.00E-06,0.5000001,0.5000001,790,,,,,,
MTA1,0.289686,0.2051701,0.5000001,790,0.287449,0.2096401,0.35012738,0.008234,0.3736201,0.5000001
CD40LG,1.00E-06,0.5000001,0.5000001,790,,,,,,
HLA.H,1.00E-06,0.5000001,0.5000001,790,,,,,,
CCL2,0.06487,0.4352901,0.5000001,790,0.122418,0.3798401,0.414876501,1.00E-06,0.5000001,0.5000001
KLC2,1.00E-06,0.5000001,0.5000001,790,,,,,,
DBNDD1,0.192955,0.3312801,0.5000001,790,0.215427,0.3132001,0.389662905,1.00E-06,0.5000001,0.5000001
NCF4,0.298621,0.1937501,0.5000001,790,0.280992,0.2093701,0.35012738,0.012239,0.2762201,0.5000001
LTB,0.193957,0.2488701,0.5000001,790,0.17819,0.2674601,0.374120925,0.013655,0.2473501,0.5000001
EPHB3,1.00E-06,0.5000001,0.5000001,790,,,,,,
HCLS1,0.214102,0.2949001,0.5000001,790,0.149222,0.3545701,0.405767853,0.026562,0.1115901,0.5000001
RHOQ,0.083381,0.4258101,0.5000001,790,1.00E-06,0.5000001,0.5000001,0.027562,0.1084201,0.5000001
ARHGAP15,1.00E-06,0.5000001,0.5000001,790,,,,,,
ZFYVE9,1.00E-06,0.5000001,0.5000001,790,,,,,,
T.cells.CD8,1.00E-06,0.5000001,0.5000001,789,,,,,,
PSMD8,1.00E-06,0.5000001,0.5000001,790,,,,,,
MPP1,0.122572,0.3562601,0.5000001,790,0.094777,0.3861101,0.420632885,0.013825,0.2552801,0.5000001
PSME1,1.00E-06,0.5000001,0.5000001,790,,,,,,
MX1,0.226002,0.2843701,0.5000001,790,0.135971,0.3656101,0.412871893,0.016446,0.1349201,0.5000001
TBXAS1,0.29385,0.1865801,0.5000001,790,0.241066,0.2284401,0.362218378,0.022011,0.1313701,0.5000001
MYL6,1.00E-06,0.5000001,0.5000001,790,,,,,,
RAB8B,0.041393,0.4638501,0.5000001,790,,,,,,
MAPK3,1.00E-06,0.5000001,0.5000001,790,,,,,,
HFE,1.00E-06,0.5000001,0.5000001,790,,,,,,
TNFRSF1B,0.049331,0.4293701,0.5000001,790,,,,,,
SNAP23,1.00E-06,0.5000001,0.5000001,790,,,,,,
SNRPD1,1.00E-06,0.5000001,0.5000001,790,,,,,,
PSMD9,0.242676,0.2304801,0.5000001,790,0.267857,0.2092401,0.35012738,1.00E-06,0.5000001,0.5000001
DUT,1.00E-06,0.5000001,0.5000001,790,,,,,,
SH2D1A,1.00E-06,0.5000001,0.5000001,790,,,,,,
CD40,0.186646,0.3238201,0.5000001,790,0.126687,0.3799301,0.414876501,0.017936,0.1712101,0.5000001
GZMH,0.050064,0.4437501,0.5000001,790,0.052171,0.4423701,0.456163377,1.00E-06,0.4998201,0.5000001
IPO4,0.271965,0.2928201,0.5000001,790,0.298034,0.2736201,0.377118446,1.00E-06,0.5000001,0.5000001
SNRPB,0.199097,0.2617601,0.5000001,790,0.198115,0.2636601,0.373816178,0.002366,0.4509501,0.5000001
CYTIP,1.00E-06,0.5000001,0.5000001,790,,,,,,
HLA.E,0.229291,0.2815901,0.5000001,790,0.201385,0.3069501,0.38740599,0.013979,0.2615701,0.5000001
WIPF1,1.00E-06,0.5000001,0.5000001,790,,,,,,
SNRPA1,0.133821,0.3740701,0.5000001,790,0.157108,0.3556601,0.405767853,1.00E-06,0.5000001,0.5000001
PSMC5,1.00E-06,0.5000001,0.5000001,790,,,,,,
RHOA,0.298624,0.2485401,0.5000001,790,0.363488,0.2053601,0.35012738,1.00E-06,0.5000001,0.5000001
CTLA4,1.00E-06,0.5000001,0.5000001,790,,,,,,
HLA.DMB,0.153724,0.3385401,0.5000001,790,0.116175,0.3753601,0.414363167,0.012676,0.2460001,0.5000001
CXCR4,1.00E-06,0.5000001,0.5000001,790,,,,,,
GIMAP4,1.00E-06,0.5000001,0.5000001,790,,,,,,
RAB33A,1.00E-06,0.5000001,0.5000001,790,,,,,,
CDH6,1.00E-06,0.5000001,0.5000001,790,,,,,,
HDC,1.00E-06,0.5000001,0.5000001,790,,,,,,
CTSF,1.00E-06,0.5000001,0.5000001,790,,,,,,
CYBA,0.243811,0.2413201,0.5000001,790,0.237831,0.2516601,0.373816178,0.013495,0.2907301,0.5000001
TGFB2,1.00E-06,0.5000001,0.5000001,790,,,,,,
SNX17,1.00E-06,0.5000001,0.5000001,790,,,,,,
PSMD5,1.00E-06,0.5000001,0.5000001,790,,,,,,
ENTPD1,1.00E-06,0.5000001,0.5000001,790,,,,,,
OAS1,0.313948,0.2342701,0.5000001,790,0.288533,0.2500801,0.373816178,0.005518,0.3811701,0.5000001
XCL2,1.00E-06,0.5000001,0.5000001,790,,,,,,
UQCR10,1.00E-06,0.5000001,0.5000001,790,,,,,,
BRCA2,0.002715,0.4966201,0.5000001,790,,,,,,
KIF26A,1.00E-06,0.5000001,0.5000001,790,,,,,,
TCEB1,0.35329,0.2180101,0.5000001,790,0.365039,0.2206101,0.356590823,0.00385,0.4000901,0.5000001
CENPW,0.241668,0.1984801,0.5000001,790,0.254628,0.1865601,0.337577428,1.00E-06,0.5000001,0.5000001
HLA.DOA,0.033251,0.4622101,0.5000001,790,,,,,,
UBE2J1,0.03776,0.4650301,0.5000001,790,,,,,,
MICB,1.00E-06,0.5000001,0.5000001,790,,,,,,
FAM167A,1.00E-06,0.5000001,0.5000001,790,,,,,,
CD244,1.00E-06,0.5000001,0.5000001,790,,,,,,
POLE2,1.00E-06,0.5000001,0.5000001,790,,,,,,
MRTO4,1.00E-06,0.5000001,0.5000001,790,,,,,,
DAPK1,0.082613,0.3942001,0.5000001,790,0.06332,0.4173501,0.443195175,0.019838,0.2384501,0.5000001
SPTBN2,0.266105,0.2355201,0.5000001,790,0.245995,0.2534001,0.373816178,0.017349,0.2538001,0.5000001
DCTN2,1.00E-06,0.5000001,0.5000001,790,,,,,,
AP1M2,1.00E-06,0.5000001,0.5000001,790,,,,,,
PFN1,0.190648,0.2590701,0.5000001,790,0.23121,0.2223301,0.357426515,1.00E-06,0.5000001,0.5000001
WSB2,0.232305,0.2534901,0.5000001,790,0.189109,0.2931501,0.384564792,0.023869,0.1457301,0.5000001
HSD11B1,1.00E-06,0.5000001,0.5000001,790,,,,,,
JCHAIN,0.307623,0.1839001,0.5000001,790,0.405885,0.1266701,0.285711681,1.00E-06,0.5000001,0.5000001
AP1S2,1.00E-06,0.5000001,0.5000001,790,,,,,,
C1orf54,1.00E-06,0.5000001,0.5000001,790,,,,,,
MR1,0.247547,0.2263701,0.5000001,790,0.124913,0.3432401,0.396309642,0.090377,0.0011888,0.042339569
MYO1F,0.209084,0.2746101,0.5000001,790,0.150155,0.3352401,0.393949661,0.025871,0.0934231,0.5000001
NCKAP1L,0.171171,0.2772001,0.5000001,790,0.195045,0.2552201,0.373816178,1.00E-06,0.5000001,0.5000001
PLCG2,0.12166,0.3403401,0.5000001,790,0.120921,0.3427601,0.396309642,0.004107,0.4318401,0.5000001
SH3GL2,1.00E-06,0.5000001,0.5000001,790,,,,,,
CCL5,1.00E-06,0.5000001,0.5000001,790,,,,,,
LYAR,1.00E-06,0.5000001,0.5000001,790,,,,,,
STK17A,0.059778,0.4439001,0.5000001,790,0.089803,0.4157001,0.443195175,1.00E-06,0.5000001,0.5000001
PSMC1,1.00E-06,0.5000001,0.5000001,790,,,,,,
CD1C,1.00E-06,0.5000001,0.5000001,790,,,,,,
KIF3C,1.00E-06,0.5000001,0.5000001,790,,,,,,
MS4A1,1.00E-06,0.5000001,0.5000001,790,,,,,,
CD209,0.175441,0.2443801,0.5000001,790,0.15579,0.2694801,0.375811103,0.025854,0.1379301,0.5000001
EVI2B,1.00E-06,0.5000001,0.5000001,790,,,,,,
LRMP,1.00E-06,0.5000001,0.5000001,790,,,,,,
TNFSF13B,0.248333,0.1987701,0.5000001,790,0.27387,0.1780101,0.333378856,1.00E-06,0.5000001,0.5000001
OSBPL3,1.00E-06,0.5000001,0.5000001,790,,,,,,
CSF3R,0.18219,0.3286401,0.5000001,790,0.207602,0.3076601,0.38740599,1.00E-06,0.5000001,0.5000001
CD274,0.267305,0.2623101,0.5000001,790,0.268005,0.2642801,0.373816178,0.00252,0.4501701,0.5000001
TNFRSF12A,0.07685,0.3970501,0.5000001,790,0.09569,0.3746401,0.414363167,1.00E-06,0.5000001,0.5000001
CENPJ,1.00E-06,0.5000001,0.5000001,790,,,,,,
GPNMB,0.14126,0.3295401,0.5000001,790,0.181365,0.2885201,0.384564792,1.00E-06,0.5000001,0.5000001
KLRD1,1.00E-06,0.5000001,0.5000001,790,,,,,,
TLR2,0.374484,0.1960101,0.5000001,790,0.369082,0.1994801,0.349845781,0.003547,0.4431101,0.5000001
PDCD1,1.00E-06,0.5000001,0.5000001,790,,,,,,
OSBPL1A,0.285466,0.2854201,0.5000001,790,0.27238,0.2955101,0.384728625,0.004362,0.4160401,0.5000001
DCBLD2,1.00E-06,0.5000001,0.5000001,790,,,,,,
GZMB,0.034113,0.4578201,0.5000001,790,,,,,,
CD36,1.00E-06,0.5000001,0.5000001,790,,,,,,
CD247,1.00E-06,0.5000001,0.5000001,790,,,,,,
RAB34,1.00E-06,0.5000001,0.5000001,790,,,,,,
PDIA3,1.00E-06,0.5000001,0.5000001,790,,,,,,
IL21R,0.181513,0.3041601,0.5000001,790,0.187921,0.2980801,0.384728625,1.00E-06,0.5000001,0.5000001
CD33,1.00E-06,0.5000001,0.5000001,790,,,,,,
SEC24B,0.022483,0.4712401,0.5000001,790,,,,,,
SMC2,0.022312,0.4696301,0.5000001,790,,,,,,
DLEU1,1.00E-06,0.5000001,0.5000001,790,,,,,,
Macrophage.Regulation,1.00E-06,0.4995601,0.5000001,777,,,,,,
TUBA4A,1.00E-06,0.5000001,0.5000001,790,,,,,,
LILRB2,0.296852,0.2148001,0.5000001,790,0.284972,0.2242801,0.359294523,0.007217,0.3683401,0.5000001
CTSS,0.210827,0.2797001,0.5000001,790,0.192256,0.2975101,0.384728625,0.007384,0.3388101,0.5000001
JAK1,1.00E-06,0.5000001,0.5000001,790,,,,,,
IFNGR2,1.00E-06,0.5000001,0.5000001,790,,,,,,
LCP1,1.00E-06,0.5000001,0.5000001,790,,,,,,
HLA.DOB,0.251651,0.2195301,0.5000001,790,0.200488,0.2637501,0.373816178,0.039504,0.0684661,0.5000001
POLR3K,1.00E-06,0.5000001,0.5000001,790,,,,,,
PSMD6,1.00E-06,0.5000001,0.5000001,790,,,,,,
CCL13,0.168707,0.3239801,0.5000001,790,0.170697,0.3208801,0.390963123,1.00E-06,0.5000001,0.5000001
DYNC1LI1,1.00E-06,0.5000001,0.5000001,790,,,,,,
EVI2A,1.00E-06,0.5000001,0.5000001,790,,,,,,
WDHD1,0.064901,0.4177601,0.5000001,790,0.100974,0.3767401,0.414363167,1.00E-06,0.5000001,0.5000001
GLRX3,0.109071,0.3968101,0.5000001,790,0.07424,0.4305801,0.451037526,0.015321,0.2482201,0.5000001
LYZ,0.027476,0.4682901,0.5000001,790,,,,,,
CD8A,1.00E-06,0.5000001,0.5000001,790,,,,,,
PAK2,0.065152,0.4177701,0.5000001,790,0.068813,0.4140801,0.442769252,1.00E-06,0.5000001,0.5000001
ADORA2A,1.00E-06,0.4994701,0.5000001,790,,,,,,
Wound.Healing,1.00E-06,0.5000001,0.5000001,777,,,,,,
CEP78,1.00E-06,0.5000001,0.5000001,790,,,,,,
VDAC1,0.31953,0.2260101,0.5000001,790,0.329441,0.2255401,0.359294523,0.002499,0.4413401,0.5000001
PLEK,0.100106,0.3717401,0.5000001,790,0.128296,0.3413901,0.396309642,1.00E-06,0.5000001,0.5000001
AZGP1,0.064158,0.4374901,0.5000001,790,0.017146,0.4836101,0.492113135,0.020786,0.1890501,0.5000001
OAS2,0.220876,0.2787001,0.5000001,790,0.210428,0.2883901,0.384564792,0.005324,0.3939501,0.5000001
KIF18A,0.105897,0.4039601,0.5000001,790,1.00E-06,0.5000001,0.5000001,0.026842,0.0843721,0.5000001
IL7R,1.00E-06,0.5000001,0.5000001,790,,,,,,
MMP1,0.224718,0.3133201,0.5000001,790,0.432288,0.1802401,0.333804665,1.00E-06,0.5000001,0.5000001
IFI30,0.113072,0.3977801,0.5000001,790,0.146341,0.3699701,0.414363167,1.00E-06,0.5000001,0.5000001
IFI16,0.030163,0.4770401,0.5000001,790,,,,,,
LST1,0.232964,0.2578501,0.5000001,790,0.17984,0.3086101,0.38740599,0.021765,0.1314501,0.5000001
EDNRB,0.158878,0.3150201,0.5000001,790,0.197146,0.2814501,0.381027475,1.00E-06,0.5000001,0.5000001
SAMD9,0.077609,0.3917301,0.5000001,790,0.066854,0.4061401,0.437308991,0.010864,0.3235001,0.5000001
TNFAIP3,1.00E-06,0.5000001,0.5000001,790,,,,,,
CD6,1.00E-06,0.5000001,0.5000001,790,,,,,,
RAB32,1.00E-06,0.5000001,0.5000001,790,,,,,,
MTHFD1,0.259987,0.2658401,0.5000001,790,0.231528,0.2892201,0.384564792,0.013201,0.2793601,0.5000001
ARRB2,0.196431,0.2494301,0.5000001,790,0.182641,0.2648201,0.373816178,0.016625,0.2502101,0.5000001
TIGIT,1.00E-06,0.5000001,0.5000001,790,,,,,,
FMNL1,0.070107,0.4252601,0.5000001,790,0.031206,0.4668801,0.476135432,0.018847,0.1975901,0.5000001
LRRC40,1.00E-06,0.5000001,0.5000001,790,,,,,,
TEX30,1.00E-06,0.5000001,0.5000001,790,,,,,,
LCK,1.00E-06,0.5000001,0.5000001,790,,,,,,
KLC1,1.00E-06,0.5000001,0.5000001,790,,,,,,
AP2A1,1.00E-06,0.5000001,0.5000001,790,,,,,,
ITGA3,1.00E-06,0.5000001,0.5000001,790,,,,,,
MAPRE1,0.197859,0.2412601,0.5000001,790,0.234514,0.2091401,0.35012738,1.00E-06,0.5000001,0.5000001
CECR1,1.00E-06,0.5000001,0.5000001,790,,,,,,
ISG15,1.00E-06,0.5000001,0.5000001,790,,,,,,
AP2S1,0.187257,0.2859601,0.5000001,790,0.230863,0.2490101,0.373816178,1.00E-06,0.5000001,0.5000001
FAM216A,0.111831,0.3912201,0.5000001,790,0.051289,0.4483601,0.460289859,0.018612,0.1802101,0.5000001
RAB27A,0.066961,0.4319501,0.5000001,790,0.064855,0.4336101,0.451149385,0.004344,0.4668601,0.5000001
KLRK1,1.00E-06,0.5000001,0.5000001,790,,,,,,
CXCL10,1.00E-06,0.5000001,0.5000001,790,,,,,,
ICOSLG,0.140469,0.3423001,0.5000001,790,0.123409,0.3615301,0.410265775,0.01036,0.3090301,0.5000001
PSMB7,0.168272,0.3209701,0.5000001,790,0.236791,0.2621401,0.373816178,1.00E-06,0.5000001,0.5000001
FYB,1.00E-06,0.5000001,0.5000001,790,,,,,,
MRPS16,0.272535,0.2305201,0.5000001,790,0.331374,0.1889201,0.337722032,1.00E-06,0.5000001,0.5000001
PYCARD,0.266863,0.2160001,0.5000001,790,0.261728,0.2210401,0.356590823,0.008379,0.3787501,0.5000001
DCTN3,0.039791,0.4406501,0.5000001,790,,,,,,
PSMB9,1.00E-06,0.5000001,0.5000001,790,,,,,,
CASP1,0.009938,0.4903601,0.5000001,790,,,,,,
FCER1G,0.158571,0.3409401,0.5000001,790,0.18973,0.3145301,0.389662905,1.00E-06,0.5000001,0.5000001
UMPS,0.198788,0.3159701,0.5000001,790,0.205803,0.3131001,0.389662905,0.000467,0.4897301,0.5000001
CD8B,1.00E-06,0.5000001,0.5000001,790,,,,,,
BTK,1.00E-06,0.5000001,0.5000001,790,,,,,,
HLA.DPB1,0.114168,0.3823801,0.5000001,790,1.00E-06,0.4997801,0.5000001,0.050202,0.0185601,0.266348921
HSPG2,1.00E-06,0.5000001,0.5000001,790,,,,,,
CTSW,1.00E-06,0.5000001,0.5000001,790,,,,,,
TNFRSF9,1.00E-06,0.5000001,0.5000001,790,,,,,,
PSMB2,0.363857,0.2021401,0.5000001,790,0.315899,0.2341901,0.36508423,0.025285,0.1721901,0.5000001
PIK3CG,0.124009,0.3220001,0.5000001,790,0.165909,0.2744901,0.377118446,1.00E-06,0.5000001,0.5000001
NKG7,1.00E-06,0.5000001,0.5000001,790,,,,,,
CD27,1.00E-06,0.5000001,0.5000001,790,,,,,,
LAMB1,1.00E-06,0.5000001,0.5000001,790,,,,,,
DVL3,0.079924,0.4193101,0.5000001,790,0.130015,0.3725201,0.414363167,1.00E-06,0.5000001,0.5000001
SKA1,1.00E-06,0.5000001,0.5000001,790,,,,,,
MCM7,1.00E-06,0.5000001,0.5000001,790,,,,,,
DCTN6,0.19043,0.3057501,0.5000001,790,0.205093,0.2934201,0.384564792,1.00E-06,0.5000001,0.5000001
TNFSF9,0.258491,0.2940301,0.5000001,790,0.326764,0.2464501,0.373816178,1.00E-06,0.5000001,0.5000001
CTSH,1.00E-06,0.5000001,0.5000001,790,,,,,,
KLRB1,1.00E-06,0.5000001,0.5000001,790,,,,,,
RND3,1.00E-06,0.5000001,0.5000001,790,,,,,,
DYNLT1,0.17319,0.2704501,0.5000001,790,0.209675,0.2338601,0.36508423,1.00E-06,0.5000001,0.5000001
MSN,0.37873,0.2094401,0.5000001,790,0.29226,0.2728401,0.377118446,0.049575,0.0434491,0.428019857
CD48,1.00E-06,0.5000001,0.5000001,790,,,,,,
JAK2,1.00E-06,0.5000001,0.5000001,790,,,,,,
HYLS1,1.00E-06,0.5000001,0.5000001,790,,,,,,
ZWILCH,0.103807,0.4091801,0.5000001,790,0.015564,0.4863501,0.493816001,0.022564,0.1374401,0.5000001
CKLF,0.151356,0.3604601,0.5000001,790,0.178467,0.3378601,0.395023299,1.00E-06,0.5000001,0.5000001
IL12A,1.00E-06,0.5000001,0.5000001,790,,,,,,
PNOC,1.00E-06,0.5000001,0.5000001,790,,,,,,
CTSL,0.110207,0.3918301,0.5000001,790,0.183097,0.3260901,0.39192304,1.00E-06,0.5000001,0.5000001
APOE,0.323765,0.1793601,0.5000001,790,0.321975,0.1858601,0.337577428,0.00882,0.3303301,0.5000001
IFI27,0.12841,0.3722501,0.5000001,790,0.109021,0.3896101,0.423449475,0.005139,0.3854001,0.5000001
IGFBP3,1.00E-06,0.5000001,0.5000001,790,,,,,,
CD276,0.134131,0.3733101,0.5000001,790,0.108931,0.3980601,0.430611744,0.016521,0.2650401,0.5000001
HAUS1,0.046337,0.4470201,0.5000001,790,,,,,,
LY86,1.00E-06,0.5000001,0.5000001,790,,,,,,
CENPE,1.00E-06,0.5000001,0.5000001,790,,,,,,
VAMP3,0.235312,0.2483601,0.5000001,790,0.220531,0.2606801,0.373816178,0.007146,0.3634701,0.5000001
C10orf54,0.237445,0.2143401,0.5000001,790,0.187204,0.2673201,0.374120925,0.040766,0.0409521,0.421351607
PSMA4,1.00E-06,0.5000001,0.5000001,790,,,,,,
IL10,0.197967,0.2795701,0.5000001,790,0.290038,0.2083501,0.35012738,1.00E-06,0.5000001,0.5000001
TAGLN,1.00E-06,0.5000001,0.5000001,790,,,,,,
LYN,0.243138,0.2623201,0.5000001,790,0.280595,0.2334001,0.36508423,1.00E-06,0.5000001,0.5000001
PLAT,1.00E-06,0.5000001,0.5000001,790,,,,,,
TGFB1,0.051472,0.4560101,0.5000001,790,0.077138,0.4357901,0.452010327,1.00E-06,0.5000001,0.5000001
NCEH1,0.093321,0.4259601,0.5000001,790,0.085719,0.4328001,0.451149385,0.002599,0.4502101,0.5000001
MKKS,0.234035,0.2462301,0.5000001,790,0.233739,0.2538001,0.373816178,0.006991,0.3457001,0.5000001
CD79B,0.144769,0.2998101,0.5000001,790,0.116229,0.3346401,0.393949661,0.025331,0.1329601,0.5000001
ID3,0.331218,0.2229401,0.5000001,790,0.311615,0.2391901,0.366518899,0.00884,0.3323201,0.5000001
AMPD3,0.251448,0.2586301,0.5000001,790,0.220444,0.2809901,0.381027475,0.006003,0.3546501,0.5000001
CD1E,1.00E-06,0.5000001,0.5000001,790,,,,,,
IL10RA,1.00E-06,0.5000001,0.5000001,790,,,,,,
CCL19,0.217418,0.1938301,0.5000001,790,0.225751,0.1870601,0.337577428,1.00E-06,0.5000001,0.5000001
IL18,0.048443,0.4617801,0.5000001,790,,,,,,
JUP,1.00E-06,0.5000001,0.5000001,790,,,,,,
NOTCH2,0.142454,0.3174301,0.5000001,790,0.137779,0.3224001,0.390963123,0.004459,0.4257201,0.5000001
GNLY,1.00E-06,0.5000001,0.5000001,790,,,,,,
IFI6,0.252918,0.2468501,0.5000001,790,0.172017,0.3167601,0.390963123,0.019267,0.1176801,0.5000001
SH3BP5L,0.225065,0.2811401,0.5000001,790,0.132743,0.3694601,0.414363167,0.037296,0.0426711,0.428019857
ICOS,1.00E-06,0.5000001,0.5000001,790,,,,,,
LHFPL2,1.00E-06,0.5000001,0.5000001,790,,,,,,
WNT2B,1.00E-06,0.5000001,0.5000001,790,,,,,,
COL16A1,0.079068,0.4379901,0.5000001,790,0.086497,0.4331201,0.451149385,1.00E-06,0.5000001,0.5000001
FNBP1,1.00E-06,0.5000001,0.5000001,790,,,,,,
CTSC,1.00E-06,0.5000001,0.5000001,790,,,,,,
MAP2K1,0.16466,0.3202501,0.5000001,790,0.185061,0.3039201,0.38740599,1.00E-06,0.5000001,0.5000001
CELF2,1.00E-06,0.5000001,0.5000001,790,,,,,,
TLR4,0.132629,0.2809901,0.5000001,790,0.147485,0.2625801,0.373816178,1.00E-06,0.5000001,0.5000001
LOXL2,0.295506,0.1995501,0.5000001,790,0.36202,0.1575001,0.309057579,1.00E-06,0.5000001,0.5000001
CD70,0.180793,0.3619401,0.5000001,790,0.186262,0.3552001,0.405767853,1.00E-06,0.5000001,0.5000001
CD3E,1.00E-06,0.5000001,0.5000001,790,,,,,,
DCK,1.00E-06,0.5000001,0.5000001,790,,,,,,
CENPU,1.00E-06,0.5000001,0.5000001,790,,,,,,
HLA.DRA,1.00E-06,0.5000001,0.5000001,790,,,,,,
RUVBL1,1.00E-06,0.5000001,0.5000001,790,,,,,,